[
   {
      "Country":"Afghanistan",
      "id":"AF",
      "code":"AFG",
      "Numeric code":"4",
      "lat":"33",
      "lng":"65"
   },
   {
      "Country":"Albania",
      "id":"AL",
      "code":"ALB",
      "Numeric code":"8",
      "lat":"41",
      "lng":"20"
   },
   {
      "Country":"Algeria",
      "id":"DZ",
      "code":"DZA",
      "Numeric code":"12",
      "lat":"28",
      "lng":"3"
   },
   {
      "Country":"American Samoa",
      "id":"AS",
      "code":"ASM",
      "Numeric code":"16",
      "lat":"-14.3333",
      "lng":"-170"
   },
   {
      "Country":"Andorra",
      "id":"AD",
      "code":"AND",
      "Numeric code":"20",
      "lat":"42.5",
      "lng":"1.6"
   },
   {
      "Country":"Angola",
      "id":"AO",
      "code":"AGO",
      "Numeric code":"24",
      "lat":"-12.5",
      "lng":"18.5"
   },
   {
      "Country":"Anguilla",
      "id":"AI",
      "code":"AIA",
      "Numeric code":"660",
      "lat":"18.25",
      "lng":"-63.1667"
   },
   {
      "Country":"Antarctica",
      "id":"AQ",
      "code":"ATA",
      "Numeric code":"10",
      "lat":"-90",
      "lng":"0"
   },
   {
      "Country":"Antigua and Barbuda",
      "id":"AG",
      "code":"ATG",
      "Numeric code":"28",
      "lat":"17.05",
      "lng":"-61.8"
   },
   {
      "Country":"Argentina",
      "id":"AR",
      "code":"ARG",
      "Numeric code":"32",
      "lat":"-34",
      "lng":"-64"
   },
   {
      "Country":"Armenia",
      "id":"AM",
      "code":"ARM",
      "Numeric code":"51",
      "lat":"40",
      "lng":"45"
   },
   {
      "Country":"Aruba",
      "id":"AW",
      "code":"ABW",
      "Numeric code":"533",
      "lat":"12.5",
      "lng":"-69.9667"
   },
   {
      "Country":"Australia",
      "id":"AU",
      "code":"AUS",
      "Numeric code":"36",
      "lat":"-27",
      "lng":"133"
   },
   {
      "Country":"Austria",
      "id":"AT",
      "code":"AUT",
      "Numeric code":"40",
      "lat":"47.3333",
      "lng":"13.3333"
   },
   {
      "Country":"Azerbaijan",
      "id":"AZ",
      "code":"AZE",
      "Numeric code":"31",
      "lat":"40.5",
      "lng":"47.5"
   },
   {
      "Country":"Bahamas",
      "id":"BS",
      "code":"BHS",
      "Numeric code":"44",
      "lat":"24.25",
      "lng":"-76"
   },
   {
      "Country":"Bahrain",
      "id":"BH",
      "code":"BHR",
      "Numeric code":"48",
      "lat":"26",
      "lng":"50.55"
   },
   {
      "Country":"Bangladesh",
      "id":"BD",
      "code":"BGD",
      "Numeric code":"50",
      "lat":"24",
      "lng":"90"
   },
   {
      "Country":"Barbados",
      "id":"BB",
      "code":"BRB",
      "Numeric code":"52",
      "lat":"13.1667",
      "lng":"-59.5333"
   },
   {
      "Country":"Belarus",
      "id":"BY",
      "code":"BLR",
      "Numeric code":"112",
      "lat":"53",
      "lng":"28"
   },
   {
      "Country":"Belgium",
      "id":"BE",
      "code":"BEL",
      "Numeric code":"56",
      "lat":"50.8333",
      "lng":"4"
   },
   {
      "Country":"Belize",
      "id":"BZ",
      "code":"BLZ",
      "Numeric code":"84",
      "lat":"17.25",
      "lng":"-88.75"
   },
   {
      "Country":"Benin",
      "id":"BJ",
      "code":"BEN",
      "Numeric code":"204",
      "lat":"9.5",
      "lng":"2.25"
   },
   {
      "Country":"Bermuda",
      "id":"BM",
      "code":"BMU",
      "Numeric code":"60",
      "lat":"32.3333",
      "lng":"-64.75"
   },
   {
      "Country":"Bhutan",
      "id":"BT",
      "code":"BTN",
      "Numeric code":"64",
      "lat":"27.5",
      "lng":"90.5"
   },
   {
      "Country":"Bolivia, Plurinational State of",
      "id":"BO",
      "code":"BOL",
      "Numeric code":"68",
      "lat":"-17",
      "lng":"-65"
   },
   {
      "Country":"Bolivia",
      "id":"BO",
      "code":"BOL",
      "Numeric code":"68",
      "lat":"-17",
      "lng":"-65"
   },
   {
      "Country":"Bosnia and Herzegovina",
      "id":"BA",
      "code":"BIH",
      "Numeric code":"70",
      "lat":"44",
      "lng":"18"
   },
   {
      "Country":"Botswana",
      "id":"BW",
      "code":"BWA",
      "Numeric code":"72",
      "lat":"-22",
      "lng":"24"
   },
   {
      "Country":"Bouvet Island",
      "id":"BV",
      "code":"BVT",
      "Numeric code":"74",
      "lat":"-54.4333",
      "lng":"3.4"
   },
   {
      "Country":"Brazil",
      "id":"BR",
      "code":"BRA",
      "Numeric code":"76",
      "lat":"-10",
      "lng":"-55"
   },
   {
      "Country":"British Indian Ocean Territory",
      "id":"IO",
      "code":"IOT",
      "Numeric code":"86",
      "lat":"-6",
      "lng":"71.5"
   },
   {
      "Country":"Brunei Darussalam",
      "id":"BN",
      "code":"BRN",
      "Numeric code":"96",
      "lat":"4.5",
      "lng":"114.6667"
   },
   {
      "Country":"Brunei",
      "id":"BN",
      "code":"BRN",
      "Numeric code":"96",
      "lat":"4.5",
      "lng":"114.6667"
   },
   {
      "Country":"Bulgaria",
      "id":"BG",
      "code":"BGR",
      "Numeric code":"100",
      "lat":"43",
      "lng":"25"
   },
   {
      "Country":"Burkina Faso",
      "id":"BF",
      "code":"BFA",
      "Numeric code":"854",
      "lat":"13",
      "lng":"-2"
   },
   {
      "Country":"Burundi",
      "id":"BI",
      "code":"BDI",
      "Numeric code":"108",
      "lat":"-3.5",
      "lng":"30"
   },
   {
      "Country":"Cambodia",
      "id":"KH",
      "code":"KHM",
      "Numeric code":"116",
      "lat":"13",
      "lng":"105"
   },
   {
      "Country":"Cameroon",
      "id":"CM",
      "code":"CMR",
      "Numeric code":"120",
      "lat":"6",
      "lng":"12"
   },
   {
      "Country":"Canada",
      "id":"CA",
      "code":"CAN",
      "Numeric code":"124",
      "lat":"60",
      "lng":"-95"
   },
   {
      "Country":"Cape Verde",
      "id":"CV",
      "code":"CPV",
      "Numeric code":"132",
      "lat":"16",
      "lng":"-24"
   },
   {
      "Country":"Cayman Islands",
      "id":"KY",
      "code":"CYM",
      "Numeric code":"136",
      "lat":"19.5",
      "lng":"-80.5"
   },
   {
      "Country":"Central African Republic",
      "id":"CF",
      "code":"CAF",
      "Numeric code":"140",
      "lat":"7",
      "lng":"21"
   },
   {
      "Country":"Chad",
      "id":"TD",
      "code":"TCD",
      "Numeric code":"148",
      "lat":"15",
      "lng":"19"
   },
   {
      "Country":"Chile",
      "id":"CL",
      "code":"CHL",
      "Numeric code":"152",
      "lat":"-30",
      "lng":"-71"
   },
   {
      "Country":"China",
      "id":"CN",
      "code":"CHN",
      "Numeric code":"156",
      "lat":"35",
      "lng":"105"
   },
   {
      "Country":"Christmas Island",
      "id":"CX",
      "code":"CXR",
      "Numeric code":"162",
      "lat":"-10.5",
      "lng":"105.6667"
   },
   {
      "Country":"Cocos (Keeling) Islands",
      "id":"CC",
      "code":"CCK",
      "Numeric code":"166",
      "lat":"-12.5",
      "lng":"96.8333"
   },
   {
      "Country":"Colombia",
      "id":"CO",
      "code":"COL",
      "Numeric code":"170",
      "lat":"4",
      "lng":"-72"
   },
   {
      "Country":"Comoros",
      "id":"KM",
      "code":"COM",
      "Numeric code":"174",
      "lat":"-12.1667",
      "lng":"44.25"
   },
   {
      "Country":"Congo",
      "id":"CG",
      "code":"COG",
      "Numeric code":"178",
      "lat":"-1",
      "lng":"15"
   },
   {
      "Country":"Congo, the Democratic Republic of the",
      "id":"CD",
      "code":"COD",
      "Numeric code":"180",
      "lat":"0",
      "lng":"25"
   },
   {
      "Country":"Cook Islands",
      "id":"CK",
      "code":"COK",
      "Numeric code":"184",
      "lat":"-21.2333",
      "lng":"-159.7667"
   },
   {
      "Country":"Costa Rica",
      "id":"CR",
      "code":"CRI",
      "Numeric code":"188",
      "lat":"10",
      "lng":"-84"
   },
   {
      "Country":"Côte d'Ivoire",
      "id":"CI",
      "code":"CIV",
      "Numeric code":"384",
      "lat":"8",
      "lng":"-5"
   },
   {
      "Country":"Ivory Coast",
      "id":"CI",
      "code":"CIV",
      "Numeric code":"384",
      "lat":"8",
      "lng":"-5"
   },
   {
      "Country":"Croatia",
      "id":"HR",
      "code":"HRV",
      "Numeric code":"191",
      "lat":"45.1667",
      "lng":"15.5"
   },
   {
      "Country":"Cuba",
      "id":"CU",
      "code":"CUB",
      "Numeric code":"192",
      "lat":"21.5",
      "lng":"-80"
   },
   {
      "Country":"Cyprus",
      "id":"CY",
      "code":"CYP",
      "Numeric code":"196",
      "lat":"35",
      "lng":"33"
   },
   {
      "Country":"Czech Republic",
      "id":"CZ",
      "code":"CZE",
      "Numeric code":"203",
      "lat":"49.75",
      "lng":"15.5"
   },
   {
      "Country":"Denmark",
      "id":"DK",
      "code":"DNK",
      "Numeric code":"208",
      "lat":"56",
      "lng":"10"
   },
   {
      "Country":"Djibouti",
      "id":"DJ",
      "code":"DJI",
      "Numeric code":"262",
      "lat":"11.5",
      "lng":"43"
   },
   {
      "Country":"Dominica",
      "id":"DM",
      "code":"DMA",
      "Numeric code":"212",
      "lat":"15.4167",
      "lng":"-61.3333"
   },
   {
      "Country":"Dominican Republic",
      "id":"DO",
      "code":"DOM",
      "Numeric code":"214",
      "lat":"19",
      "lng":"-70.6667"
   },
   {
      "Country":"Ecuador",
      "id":"EC",
      "code":"ECU",
      "Numeric code":"218",
      "lat":"-2",
      "lng":"-77.5"
   },
   {
      "Country":"Egypt",
      "id":"EG",
      "code":"EGY",
      "Numeric code":"818",
      "lat":"27",
      "lng":"30"
   },
   {
      "Country":"El Salvador",
      "id":"SV",
      "code":"SLV",
      "Numeric code":"222",
      "lat":"13.8333",
      "lng":"-88.9167"
   },
   {
      "Country":"Equatorial Guinea",
      "id":"GQ",
      "code":"GNQ",
      "Numeric code":"226",
      "lat":"2",
      "lng":"10"
   },
   {
      "Country":"Eritrea",
      "id":"ER",
      "code":"ERI",
      "Numeric code":"232",
      "lat":"15",
      "lng":"39"
   },
   {
      "Country":"Estonia",
      "id":"EE",
      "code":"EST",
      "Numeric code":"233",
      "lat":"59",
      "lng":"26"
   },
   {
      "Country":"Ethiopia",
      "id":"ET",
      "code":"ETH",
      "Numeric code":"231",
      "lat":"8",
      "lng":"38"
   },
   {
      "Country":"Falkland Islands (Malvinas)",
      "id":"FK",
      "code":"FLK",
      "Numeric code":"238",
      "lat":"-51.75",
      "lng":"-59"
   },
   {
      "Country":"Faroe Islands",
      "id":"FO",
      "code":"FRO",
      "Numeric code":"234",
      "lat":"62",
      "lng":"-7"
   },
   {
      "Country":"Fiji",
      "id":"FJ",
      "code":"FJI",
      "Numeric code":"242",
      "lat":"-18",
      "lng":"175"
   },
   {
      "Country":"Finland",
      "id":"FI",
      "code":"FIN",
      "Numeric code":"246",
      "lat":"64",
      "lng":"26"
   },
   {
      "Country":"France",
      "id":"FR",
      "code":"FRA",
      "Numeric code":"250",
      "lat":"46",
      "lng":"2"
   },
   {
      "Country":"French Guiana",
      "id":"GF",
      "code":"GUF",
      "Numeric code":"254",
      "lat":"4",
      "lng":"-53"
   },
   {
      "Country":"French Polynesia",
      "id":"PF",
      "code":"PYF",
      "Numeric code":"258",
      "lat":"-15",
      "lng":"-140"
   },
   {
      "Country":"French Southern Territories",
      "id":"TF",
      "code":"ATF",
      "Numeric code":"260",
      "lat":"-43",
      "lng":"67"
   },
   {
      "Country":"Gabon",
      "id":"GA",
      "code":"GAB",
      "Numeric code":"266",
      "lat":"-1",
      "lng":"11.75"
   },
   {
      "Country":"Gambia",
      "id":"GM",
      "code":"GMB",
      "Numeric code":"270",
      "lat":"13.4667",
      "lng":"-16.5667"
   },
   {
      "Country":"Georgia",
      "id":"GE",
      "code":"GEO",
      "Numeric code":"268",
      "lat":"42",
      "lng":"43.5"
   },
   {
      "Country":"Germany",
      "id":"DE",
      "code":"DEU",
      "Numeric code":"276",
      "lat":"51",
      "lng":"9"
   },
   {
      "Country":"Ghana",
      "id":"GH",
      "code":"GHA",
      "Numeric code":"288",
      "lat":"8",
      "lng":"-2"
   },
   {
      "Country":"Gibraltar",
      "id":"GI",
      "code":"GIB",
      "Numeric code":"292",
      "lat":"36.1833",
      "lng":"-5.3667"
   },
   {
      "Country":"Greece",
      "id":"GR",
      "code":"GRC",
      "Numeric code":"300",
      "lat":"39",
      "lng":"22"
   },
   {
      "Country":"Greenland",
      "id":"GL",
      "code":"GRL",
      "Numeric code":"304",
      "lat":"72",
      "lng":"-40"
   },
   {
      "Country":"Grenada",
      "id":"GD",
      "code":"GRD",
      "Numeric code":"308",
      "lat":"12.1167",
      "lng":"-61.6667"
   },
   {
      "Country":"Guadeloupe",
      "id":"GP",
      "code":"GLP",
      "Numeric code":"312",
      "lat":"16.25",
      "lng":"-61.5833"
   },
   {
      "Country":"Guam",
      "id":"GU",
      "code":"GUM",
      "Numeric code":"316",
      "lat":"13.4667",
      "lng":"144.7833"
   },
   {
      "Country":"Guatemala",
      "id":"GT",
      "code":"GTM",
      "Numeric code":"320",
      "lat":"15.5",
      "lng":"-90.25"
   },
   {
      "Country":"Guernsey",
      "id":"GG",
      "code":"GGY",
      "Numeric code":"831",
      "lat":"49.5",
      "lng":"-2.56"
   },
   {
      "Country":"Guinea",
      "id":"GN",
      "code":"GIN",
      "Numeric code":"324",
      "lat":"11",
      "lng":"-10"
   },
   {
      "Country":"Guinea-Bissau",
      "id":"GW",
      "code":"GNB",
      "Numeric code":"624",
      "lat":"12",
      "lng":"-15"
   },
   {
      "Country":"Guyana",
      "id":"GY",
      "code":"GUY",
      "Numeric code":"328",
      "lat":"5",
      "lng":"-59"
   },
   {
      "Country":"Haiti",
      "id":"HT",
      "code":"HTI",
      "Numeric code":"332",
      "lat":"19",
      "lng":"-72.4167"
   },
   {
      "Country":"Heard Island and McDonald Islands",
      "id":"HM",
      "code":"HMD",
      "Numeric code":"334",
      "lat":"-53.1",
      "lng":"72.5167"
   },
   {
      "Country":"Holy See (Vatican City State)",
      "id":"VA",
      "code":"VAT",
      "Numeric code":"336",
      "lat":"41.9",
      "lng":"12.45"
   },
   {
      "Country":"Honduras",
      "id":"HN",
      "code":"HND",
      "Numeric code":"340",
      "lat":"15",
      "lng":"-86.5"
   },
   {
      "Country":"Hong Kong",
      "id":"HK",
      "code":"HKG",
      "Numeric code":"344",
      "lat":"22.25",
      "lng":"114.1667"
   },
   {
      "Country":"Hungary",
      "id":"HU",
      "code":"HUN",
      "Numeric code":"348",
      "lat":"47",
      "lng":"20"
   },
   {
      "Country":"Iceland",
      "id":"IS",
      "code":"ISL",
      "Numeric code":"352",
      "lat":"65",
      "lng":"-18"
   },
   {
      "Country":"India",
      "id":"IN",
      "code":"IND",
      "Numeric code":"356",
      "lat":"20",
      "lng":"77"
   },
   {
      "Country":"Indonesia",
      "id":"ID",
      "code":"IDN",
      "Numeric code":"360",
      "lat":"-5",
      "lng":"120"
   },
   {
      "Country":"Iran, Islamic Republic of",
      "id":"IR",
      "code":"IRN",
      "Numeric code":"364",
      "lat":"32",
      "lng":"53"
   },
   {
      "Country":"Iraq",
      "id":"IQ",
      "code":"IRQ",
      "Numeric code":"368",
      "lat":"33",
      "lng":"44"
   },
   {
      "Country":"Ireland",
      "id":"IE",
      "code":"IRL",
      "Numeric code":"372",
      "lat":"53",
      "lng":"-8"
   },
   {
      "Country":"Isle of Man",
      "id":"IM",
      "code":"IMN",
      "Numeric code":"833",
      "lat":"54.23",
      "lng":"-4.55"
   },
   {
      "Country":"Israel",
      "id":"IL",
      "code":"ISR",
      "Numeric code":"376",
      "lat":"31.5",
      "lng":"34.75"
   },
   {
      "Country":"Italy",
      "id":"IT",
      "code":"ITA",
      "Numeric code":"380",
      "lat":"42.8333",
      "lng":"12.8333"
   },
   {
      "Country":"Jamaica",
      "id":"JM",
      "code":"JAM",
      "Numeric code":"388",
      "lat":"18.25",
      "lng":"-77.5"
   },
   {
      "Country":"Japan",
      "id":"JP",
      "code":"JPN",
      "Numeric code":"392",
      "lat":"36",
      "lng":"138"
   },
   {
      "Country":"Jersey",
      "id":"JE",
      "code":"JEY",
      "Numeric code":"832",
      "lat":"49.21",
      "lng":"-2.13"
   },
   {
      "Country":"Jordan",
      "id":"JO",
      "code":"JOR",
      "Numeric code":"400",
      "lat":"31",
      "lng":"36"
   },
   {
      "Country":"Kazakhstan",
      "id":"KZ",
      "code":"KAZ",
      "Numeric code":"398",
      "lat":"48",
      "lng":"68"
   },
   {
      "Country":"Kenya",
      "id":"KE",
      "code":"KEN",
      "Numeric code":"404",
      "lat":"1",
      "lng":"38"
   },
   {
      "Country":"Kiribati",
      "id":"KI",
      "code":"KIR",
      "Numeric code":"296",
      "lat":"1.4167",
      "lng":"173"
   },
   {
      "Country":"Korea, Democratic People's Republic of",
      "id":"KP",
      "code":"PRK",
      "Numeric code":"408",
      "lat":"40",
      "lng":"127"
   },
   {
      "Country":"Korea, Republic of",
      "id":"KR",
      "code":"KOR",
      "Numeric code":"410",
      "lat":"37",
      "lng":"127.5"
   },
   {
      "Country":"South Korea",
      "id":"KR",
      "code":"KOR",
      "Numeric code":"410",
      "lat":"37",
      "lng":"127.5"
   },
   {
      "Country":"Kuwait",
      "id":"KW",
      "code":"KWT",
      "Numeric code":"414",
      "lat":"29.3375",
      "lng":"47.6581"
   },
   {
      "Country":"Kyrgyzstan",
      "id":"KG",
      "code":"KGZ",
      "Numeric code":"417",
      "lat":"41",
      "lng":"75"
   },
   {
      "Country":"Lao People's Democratic Republic",
      "id":"LA",
      "code":"LAO",
      "Numeric code":"418",
      "lat":"18",
      "lng":"105"
   },
   {
      "Country":"Latvia",
      "id":"LV",
      "code":"LVA",
      "Numeric code":"428",
      "lat":"57",
      "lng":"25"
   },
   {
      "Country":"Lebanon",
      "id":"LB",
      "code":"LBN",
      "Numeric code":"422",
      "lat":"33.8333",
      "lng":"35.8333"
   },
   {
      "Country":"Lesotho",
      "id":"LS",
      "code":"LSO",
      "Numeric code":"426",
      "lat":"-29.5",
      "lng":"28.5"
   },
   {
      "Country":"Liberia",
      "id":"LR",
      "code":"LBR",
      "Numeric code":"430",
      "lat":"6.5",
      "lng":"-9.5"
   },
   {
      "Country":"Libyan Arab Jamahiriya",
      "id":"LY",
      "code":"LBY",
      "Numeric code":"434",
      "lat":"25",
      "lng":"17"
   },
   {
      "Country":"Libya",
      "id":"LY",
      "code":"LBY",
      "Numeric code":"434",
      "lat":"25",
      "lng":"17"
   },
   {
      "Country":"Liechtenstein",
      "id":"LI",
      "code":"LIE",
      "Numeric code":"438",
      "lat":"47.1667",
      "lng":"9.5333"
   },
   {
      "Country":"Lithuania",
      "id":"LT",
      "code":"LTU",
      "Numeric code":"440",
      "lat":"56",
      "lng":"24"
   },
   {
      "Country":"Luxembourg",
      "id":"LU",
      "code":"LUX",
      "Numeric code":"442",
      "lat":"49.75",
      "lng":"6.1667"
   },
   {
      "Country":"Macao",
      "id":"MO",
      "code":"MAC",
      "Numeric code":"446",
      "lat":"22.1667",
      "lng":"113.55"
   },
   {
      "Country":"Macedonia, the former Yugoslav Republic of",
      "id":"MK",
      "code":"MKD",
      "Numeric code":"807",
      "lat":"41.8333",
      "lng":"22"
   },
   {
      "Country":"Madagascar",
      "id":"MG",
      "code":"MDG",
      "Numeric code":"450",
      "lat":"-20",
      "lng":"47"
   },
   {
      "Country":"Malawi",
      "id":"MW",
      "code":"MWI",
      "Numeric code":"454",
      "lat":"-13.5",
      "lng":"34"
   },
   {
      "Country":"Malaysia",
      "id":"MY",
      "code":"MYS",
      "Numeric code":"458",
      "lat":"2.5",
      "lng":"112.5"
   },
   {
      "Country":"Maldives",
      "id":"MV",
      "code":"MDV",
      "Numeric code":"462",
      "lat":"3.25",
      "lng":"73"
   },
   {
      "Country":"Mali",
      "id":"ML",
      "code":"MLI",
      "Numeric code":"466",
      "lat":"17",
      "lng":"-4"
   },
   {
      "Country":"Malta",
      "id":"MT",
      "code":"MLT",
      "Numeric code":"470",
      "lat":"35.8333",
      "lng":"14.5833"
   },
   {
      "Country":"Marshall Islands",
      "id":"MH",
      "code":"MHL",
      "Numeric code":"584",
      "lat":"9",
      "lng":"168"
   },
   {
      "Country":"Martinique",
      "id":"MQ",
      "code":"MTQ",
      "Numeric code":"474",
      "lat":"14.6667",
      "lng":"-61"
   },
   {
      "Country":"Mauritania",
      "id":"MR",
      "code":"MRT",
      "Numeric code":"478",
      "lat":"20",
      "lng":"-12"
   },
   {
      "Country":"Mauritius",
      "id":"MU",
      "code":"MUS",
      "Numeric code":"480",
      "lat":"-20.2833",
      "lng":"57.55"
   },
   {
      "Country":"Mayotte",
      "id":"YT",
      "code":"MYT",
      "Numeric code":"175",
      "lat":"-12.8333",
      "lng":"45.1667"
   },
   {
      "Country":"Mexico",
      "id":"MX",
      "code":"MEX",
      "Numeric code":"484",
      "lat":"23",
      "lng":"-102"
   },
   {
      "Country":"Micronesia, Federated States of",
      "id":"FM",
      "code":"FSM",
      "Numeric code":"583",
      "lat":"6.9167",
      "lng":"158.25"
   },
   {
      "Country":"Moldova, Republic of",
      "id":"MD",
      "code":"MDA",
      "Numeric code":"498",
      "lat":"47",
      "lng":"29"
   },
   {
      "Country":"Monaco",
      "id":"MC",
      "code":"MCO",
      "Numeric code":"492",
      "lat":"43.7333",
      "lng":"7.4"
   },
   {
      "Country":"Mongolia",
      "id":"MN",
      "code":"MNG",
      "Numeric code":"496",
      "lat":"46",
      "lng":"105"
   },
   {
      "Country":"Montenegro",
      "id":"ME",
      "code":"MNE",
      "Numeric code":"499",
      "lat":"42",
      "lng":"19"
   },
   {
      "Country":"Montserrat",
      "id":"MS",
      "code":"MSR",
      "Numeric code":"500",
      "lat":"16.75",
      "lng":"-62.2"
   },
   {
      "Country":"Morocco",
      "id":"MA",
      "code":"MAR",
      "Numeric code":"504",
      "lat":"32",
      "lng":"-5"
   },
   {
      "Country":"Mozambique",
      "id":"MZ",
      "code":"MOZ",
      "Numeric code":"508",
      "lat":"-18.25",
      "lng":"35"
   },
   {
      "Country":"Myanmar",
      "id":"MM",
      "code":"MMR",
      "Numeric code":"104",
      "lat":"22",
      "lng":"98"
   },
   {
      "Country":"Burma",
      "id":"MM",
      "code":"MMR",
      "Numeric code":"104",
      "lat":"22",
      "lng":"98"
   },
   {
      "Country":"Namibia",
      "id":"NA",
      "code":"NAM",
      "Numeric code":"516",
      "lat":"-22",
      "lng":"17"
   },
   {
      "Country":"Nauru",
      "id":"NR",
      "code":"NRU",
      "Numeric code":"520",
      "lat":"-0.5333",
      "lng":"166.9167"
   },
   {
      "Country":"Nepal",
      "id":"NP",
      "code":"NPL",
      "Numeric code":"524",
      "lat":"28",
      "lng":"84"
   },
   {
      "Country":"Netherlands",
      "id":"NL",
      "code":"NLD",
      "Numeric code":"528",
      "lat":"52.5",
      "lng":"5.75"
   },
   {
      "Country":"Netherlands Antilles",
      "id":"AN",
      "code":"ANT",
      "Numeric code":"530",
      "lat":"12.25",
      "lng":"-68.75"
   },
   {
      "Country":"New Caledonia",
      "id":"NC",
      "code":"NCL",
      "Numeric code":"540",
      "lat":"-21.5",
      "lng":"165.5"
   },
   {
      "Country":"New Zealand",
      "id":"NZ",
      "code":"NZL",
      "Numeric code":"554",
      "lat":"-41",
      "lng":"174"
   },
   {
      "Country":"Nicaragua",
      "id":"NI",
      "code":"NIC",
      "Numeric code":"558",
      "lat":"13",
      "lng":"-85"
   },
   {
      "Country":"Niger",
      "id":"NE",
      "code":"NER",
      "Numeric code":"562",
      "lat":"16",
      "lng":"8"
   },
   {
      "Country":"Nigeria",
      "id":"NG",
      "code":"NGA",
      "Numeric code":"566",
      "lat":"10",
      "lng":"8"
   },
   {
      "Country":"Niue",
      "id":"NU",
      "code":"NIU",
      "Numeric code":"570",
      "lat":"-19.0333",
      "lng":"-169.8667"
   },
   {
      "Country":"Norfolk Island",
      "id":"NF",
      "code":"NFK",
      "Numeric code":"574",
      "lat":"-29.0333",
      "lng":"167.95"
   },
   {
      "Country":"Northern Mariana Islands",
      "id":"MP",
      "code":"MNP",
      "Numeric code":"580",
      "lat":"15.2",
      "lng":"145.75"
   },
   {
      "Country":"Norway",
      "id":"NO",
      "code":"NOR",
      "Numeric code":"578",
      "lat":"62",
      "lng":"10"
   },
   {
      "Country":"Oman",
      "id":"OM",
      "code":"OMN",
      "Numeric code":"512",
      "lat":"21",
      "lng":"57"
   },
   {
      "Country":"Pakistan",
      "id":"PK",
      "code":"PAK",
      "Numeric code":"586",
      "lat":"30",
      "lng":"70"
   },
   {
      "Country":"Palau",
      "id":"PW",
      "code":"PLW",
      "Numeric code":"585",
      "lat":"7.5",
      "lng":"134.5"
   },
   {
      "Country":"Palestinian Territory, Occupied",
      "id":"PS",
      "code":"PSE",
      "Numeric code":"275",
      "lat":"32",
      "lng":"35.25"
   },
   {
      "Country":"Panama",
      "id":"PA",
      "code":"PAN",
      "Numeric code":"591",
      "lat":"9",
      "lng":"-80"
   },
   {
      "Country":"Papua New Guinea",
      "id":"PG",
      "code":"PNG",
      "Numeric code":"598",
      "lat":"-6",
      "lng":"147"
   },
   {
      "Country":"Paraguay",
      "id":"PY",
      "code":"PRY",
      "Numeric code":"600",
      "lat":"-23",
      "lng":"-58"
   },
   {
      "Country":"Peru",
      "id":"PE",
      "code":"PER",
      "Numeric code":"604",
      "lat":"-10",
      "lng":"-76"
   },
   {
      "Country":"Philippines",
      "id":"PH",
      "code":"PHL",
      "Numeric code":"608",
      "lat":"13",
      "lng":"122"
   },
   {
      "Country":"Pitcairn",
      "id":"PN",
      "code":"PCN",
      "Numeric code":"612",
      "lat":"-24.7",
      "lng":"-127.4"
   },
   {
      "Country":"Poland",
      "id":"PL",
      "code":"POL",
      "Numeric code":"616",
      "lat":"52",
      "lng":"20"
   },
   {
      "Country":"Portugal",
      "id":"PT",
      "code":"PRT",
      "Numeric code":"620",
      "lat":"39.5",
      "lng":"-8"
   },
   {
      "Country":"Puerto Rico",
      "id":"PR",
      "code":"PRI",
      "Numeric code":"630",
      "lat":"18.25",
      "lng":"-66.5"
   },
   {
      "Country":"Qatar",
      "id":"QA",
      "code":"QAT",
      "Numeric code":"634",
      "lat":"25.5",
      "lng":"51.25"
   },
   {
      "Country":"Réunion",
      "id":"RE",
      "code":"REU",
      "Numeric code":"638",
      "lat":"-21.1",
      "lng":"55.6"
   },
   {
      "Country":"Romania",
      "id":"RO",
      "code":"ROU",
      "Numeric code":"642",
      "lat":"46",
      "lng":"25"
   },
   {
      "Country":"Russian Federation",
      "id":"RU",
      "code":"RUS",
      "Numeric code":"643",
      "lat":"60",
      "lng":"100"
   },
   {
      "Country":"Russia",
      "id":"RU",
      "code":"RUS",
      "Numeric code":"643",
      "lat":"60",
      "lng":"100"
   },
   {
      "Country":"Rwanda",
      "id":"RW",
      "code":"RWA",
      "Numeric code":"646",
      "lat":"-2",
      "lng":"30"
   },
   {
      "Country":"Saint Helena, Ascension and Tristan da Cunha",
      "id":"SH",
      "code":"SHN",
      "Numeric code":"654",
      "lat":"-15.9333",
      "lng":"-5.7"
   },
   {
      "Country":"Saint Kitts and Nevis",
      "id":"KN",
      "code":"KNA",
      "Numeric code":"659",
      "lat":"17.3333",
      "lng":"-62.75"
   },
   {
      "Country":"Saint Lucia",
      "id":"LC",
      "code":"LCA",
      "Numeric code":"662",
      "lat":"13.8833",
      "lng":"-61.1333"
   },
   {
      "Country":"Saint Pierre and Miquelon",
      "id":"PM",
      "code":"SPM",
      "Numeric code":"666",
      "lat":"46.8333",
      "lng":"-56.3333"
   },
   {
      "Country":"Saint Vincent and the Grenadines",
      "id":"VC",
      "code":"VCT",
      "Numeric code":"670",
      "lat":"13.25",
      "lng":"-61.2"
   },
   {
      "Country":"Saint Vincent & the Grenadines",
      "id":"VC",
      "code":"VCT",
      "Numeric code":"670",
      "lat":"13.25",
      "lng":"-61.2"
   },
   {
      "Country":"St. Vincent and the Grenadines",
      "id":"VC",
      "code":"VCT",
      "Numeric code":"670",
      "lat":"13.25",
      "lng":"-61.2"
   },
   {
      "Country":"Samoa",
      "id":"WS",
      "code":"WSM",
      "Numeric code":"882",
      "lat":"-13.5833",
      "lng":"-172.3333"
   },
   {
      "Country":"San Marino",
      "id":"SM",
      "code":"SMR",
      "Numeric code":"674",
      "lat":"43.7667",
      "lng":"12.4167"
   },
   {
      "Country":"Sao Tome and Principe",
      "id":"ST",
      "code":"STP",
      "Numeric code":"678",
      "lat":"1",
      "lng":"7"
   },
   {
      "Country":"Saudi Arabia",
      "id":"SA",
      "code":"SAU",
      "Numeric code":"682",
      "lat":"25",
      "lng":"45"
   },
   {
      "Country":"Senegal",
      "id":"SN",
      "code":"SEN",
      "Numeric code":"686",
      "lat":"14",
      "lng":"-14"
   },
   {
      "Country":"Serbia",
      "id":"RS",
      "code":"SRB",
      "Numeric code":"688",
      "lat":"44",
      "lng":"21"
   },
   {
      "Country":"Seychelles",
      "id":"SC",
      "code":"SYC",
      "Numeric code":"690",
      "lat":"-4.5833",
      "lng":"55.6667"
   },
   {
      "Country":"Sierra Leone",
      "id":"SL",
      "code":"SLE",
      "Numeric code":"694",
      "lat":"8.5",
      "lng":"-11.5"
   },
   {
      "Country":"Singapore",
      "id":"SG",
      "code":"SGP",
      "Numeric code":"702",
      "lat":"1.3667",
      "lng":"103.8"
   },
   {
      "Country":"Slovakia",
      "id":"SK",
      "code":"SVK",
      "Numeric code":"703",
      "lat":"48.6667",
      "lng":"19.5"
   },
   {
      "Country":"Slovenia",
      "id":"SI",
      "code":"SVN",
      "Numeric code":"705",
      "lat":"46",
      "lng":"15"
   },
   {
      "Country":"Solomon Islands",
      "id":"SB",
      "code":"SLB",
      "Numeric code":"90",
      "lat":"-8",
      "lng":"159"
   },
   {
      "Country":"Somalia",
      "id":"SO",
      "code":"SOM",
      "Numeric code":"706",
      "lat":"10",
      "lng":"49"
   },
   {
      "Country":"South Africa",
      "id":"ZA",
      "code":"ZAF",
      "Numeric code":"710",
      "lat":"-29",
      "lng":"24"
   },
   {
      "Country":"South Georgia and the South Sandwich Islands",
      "id":"GS",
      "code":"SGS",
      "Numeric code":"239",
      "lat":"-54.5",
      "lng":"-37"
   },
   {
      "Country":"Spain",
      "id":"ES",
      "code":"ESP",
      "Numeric code":"724",
      "lat":"40",
      "lng":"-4"
   },
   {
      "Country":"Sri Lanka",
      "id":"LK",
      "code":"LKA",
      "Numeric code":"144",
      "lat":"7",
      "lng":"81"
   },
   {
      "Country":"Sudan",
      "id":"SD",
      "code":"SDN",
      "Numeric code":"736",
      "lat":"15",
      "lng":"30"
   },
   {
      "Country":"Suriname",
      "id":"SR",
      "code":"SUR",
      "Numeric code":"740",
      "lat":"4",
      "lng":"-56"
   },
   {
      "Country":"Svalbard and Jan Mayen",
      "id":"SJ",
      "code":"SJM",
      "Numeric code":"744",
      "lat":"78",
      "lng":"20"
   },
   {
      "Country":"Swaziland",
      "id":"SZ",
      "code":"SWZ",
      "Numeric code":"748",
      "lat":"-26.5",
      "lng":"31.5"
   },
   {
      "Country":"Sweden",
      "id":"SE",
      "code":"SWE",
      "Numeric code":"752",
      "lat":"62",
      "lng":"15"
   },
   {
      "Country":"Switzerland",
      "id":"CH",
      "code":"CHE",
      "Numeric code":"756",
      "lat":"47",
      "lng":"8"
   },
   {
      "Country":"Syrian Arab Republic",
      "id":"SY",
      "code":"SYR",
      "Numeric code":"760",
      "lat":"35",
      "lng":"38"
   },
   {
      "Country":"Taiwan, Province of China",
      "id":"TW",
      "code":"TWN",
      "Numeric code":"158",
      "lat":"23.5",
      "lng":"121"
   },
   {
      "Country":"Taiwan",
      "id":"TW",
      "code":"TWN",
      "Numeric code":"158",
      "lat":"23.5",
      "lng":"121"
   },
   {
      "Country":"Tajikistan",
      "id":"TJ",
      "code":"TJK",
      "Numeric code":"762",
      "lat":"39",
      "lng":"71"
   },
   {
      "Country":"Tanzania, United Republic of",
      "id":"TZ",
      "code":"TZA",
      "Numeric code":"834",
      "lat":"-6",
      "lng":"35"
   },
   {
      "Country":"Thailand",
      "id":"TH",
      "code":"THA",
      "Numeric code":"764",
      "lat":"15",
      "lng":"100"
   },
   {
      "Country":"Timor-Leste",
      "id":"TL",
      "code":"TLS",
      "Numeric code":"626",
      "lat":"-8.55",
      "lng":"125.5167"
   },
   {
      "Country":"Togo",
      "id":"TG",
      "code":"TGO",
      "Numeric code":"768",
      "lat":"8",
      "lng":"1.1667"
   },
   {
      "Country":"Tokelau",
      "id":"TK",
      "code":"TKL",
      "Numeric code":"772",
      "lat":"-9",
      "lng":"-172"
   },
   {
      "Country":"Tonga",
      "id":"TO",
      "code":"TON",
      "Numeric code":"776",
      "lat":"-20",
      "lng":"-175"
   },
   {
      "Country":"Trinidad and Tobago",
      "id":"TT",
      "code":"TTO",
      "Numeric code":"780",
      "lat":"11",
      "lng":"-61"
   },
   {
      "Country":"Trinidad & Tobago",
      "id":"TT",
      "code":"TTO",
      "Numeric code":"780",
      "lat":"11",
      "lng":"-61"
   },
   {
      "Country":"Tunisia",
      "id":"TN",
      "code":"TUN",
      "Numeric code":"788",
      "lat":"34",
      "lng":"9"
   },
   {
      "Country":"Turkey",
      "id":"TR",
      "code":"TUR",
      "Numeric code":"792",
      "lat":"39",
      "lng":"35"
   },
   {
      "Country":"Turkmenistan",
      "id":"TM",
      "code":"TKM",
      "Numeric code":"795",
      "lat":"40",
      "lng":"60"
   },
   {
      "Country":"Turks and Caicos Islands",
      "id":"TC",
      "code":"TCA",
      "Numeric code":"796",
      "lat":"21.75",
      "lng":"-71.5833"
   },
   {
      "Country":"Tuvalu",
      "id":"TV",
      "code":"TUV",
      "Numeric code":"798",
      "lat":"-8",
      "lng":"178"
   },
   {
      "Country":"Uganda",
      "id":"UG",
      "code":"UGA",
      "Numeric code":"800",
      "lat":"1",
      "lng":"32"
   },
   {
      "Country":"Ukraine",
      "id":"UA",
      "code":"UKR",
      "Numeric code":"804",
      "lat":"49",
      "lng":"32"
   },
   {
      "Country":"United Arab Emirates",
      "id":"AE",
      "code":"ARE",
      "Numeric code":"784",
      "lat":"24",
      "lng":"54"
   },
   {
      "Country":"United Kingdom",
      "id":"GB",
      "code":"GBR",
      "Numeric code":"826",
      "lat":"54",
      "lng":"-2"
   },
   {
      "Country":"United States",
      "id":"US",
      "code":"USA",
      "Numeric code":"840",
      "lat":"38",
      "lng":"-97"
   },
   {
      "Country":"United States Minor Outlying Islands",
      "id":"UM",
      "code":"UMI",
      "Numeric code":"581",
      "lat":"19.2833",
      "lng":"166.6"
   },
   {
      "Country":"Uruguay",
      "id":"UY",
      "code":"URY",
      "Numeric code":"858",
      "lat":"-33",
      "lng":"-56"
   },
   {
      "Country":"Uzbekistan",
      "id":"UZ",
      "code":"UZB",
      "Numeric code":"860",
      "lat":"41",
      "lng":"64"
   },
   {
      "Country":"Vanuatu",
      "id":"VU",
      "code":"VUT",
      "Numeric code":"548",
      "lat":"-16",
      "lng":"167"
   },
   {
      "Country":"Venezuela, Bolivarian Republic of",
      "id":"VE",
      "code":"VEN",
      "Numeric code":"862",
      "lat":"8",
      "lng":"-66"
   },
   {
      "Country":"Venezuela",
      "id":"VE",
      "code":"VEN",
      "Numeric code":"862",
      "lat":"8",
      "lng":"-66"
   },
   {
      "Country":"Viet Nam",
      "id":"VN",
      "code":"VNM",
      "Numeric code":"704",
      "lat":"16",
      "lng":"106"
   },
   {
      "Country":"Vietnam",
      "id":"VN",
      "code":"VNM",
      "Numeric code":"704",
      "lat":"16",
      "lng":"106"
   },
   {
      "Country":"Virgin Islands, British",
      "id":"VG",
      "code":"VGB",
      "Numeric code":"92",
      "lat":"18.5",
      "lng":"-64.5"
   },
   {
      "Country":"Virgin Islands, U.S.",
      "id":"VI",
      "code":"VIR",
      "Numeric code":"850",
      "lat":"18.3333",
      "lng":"-64.8333"
   },
   {
      "Country":"Wallis and Futuna",
      "id":"WF",
      "code":"WLF",
      "Numeric code":"876",
      "lat":"-13.3",
      "lng":"-176.2"
   },
   {
      "Country":"Western Sahara",
      "id":"EH",
      "code":"ESH",
      "Numeric code":"732",
      "lat":"24.5",
      "lng":"-13"
   },
   {
      "Country":"Yemen",
      "id":"YE",
      "code":"YEM",
      "Numeric code":"887",
      "lat":"15",
      "lng":"48"
   },
   {
      "Country":"Zambia",
      "id":"ZM",
      "code":"ZMB",
      "Numeric code":"894",
      "lat":"-15",
      "lng":"30"
   },
   {
      "Country":"Zimbabwe",
      "id":"ZW",
      "code":"ZWE",
      "Numeric code":"716",
      "lat":"-20",
      "lng":"30"
   }
]